"ta","math_grade","spanish_grade","better_at_math"
"Phuong Vu",3.81114608927454,3.86790022555425,FALSE
"Yunwei Liang",3.75272496265636,3.67692609992902,TRUE
"Yubing Tian",3.81116625797171,3.7208281076432,TRUE
"Gavin Sreesangkom",3.78373512851926,3.66587573959134,TRUE
"Coco Li",3.5536632256544,3.76362258626676,FALSE
"George Zhang",3.31872377022065,3.85392601516827,FALSE
"Saurav Sawansukha",2.74707183696086,3.90969547236236,FALSE
"YuYu Madigan",3.58680055808039,3.96043415124213,FALSE
