"ta","math_grade","spanish_grade","better_at_math"
"Phuong Vu",4,4,TRUE
"Yunwei Liang",3.81619092735193,3.99021700896954,FALSE
"Yubing Tian",3.55566942953199,3.87250007576053,FALSE
"Gavin Sreesangkom",2.9295351289484,3.97770764703315,FALSE
"Coco Li",3.90014871024593,3.93505092890613,FALSE
"George Zhang",3.80446889298184,3.8397047793162,FALSE
"Saurav Sawansukha",3.90866972541658,3.560510278441,TRUE
"YuYu Madigan",3.20270301939438,3.49490658835372,FALSE
